Rescue_ID,Fisher,error
2011_RE_0034 x Fisher,fisher_581,1
2011_RE_0116 x Fisher,fisher_1385,1
2011_RE_0135 x Fisher,fisher_1385,1
2011_RE_0159 x Fisher,fisher_1024,1
2011_RE_0173 x Fisher,fisher_1024,1
2011_RE_0180 x Fisher,fisher_815,1
2011_RE_0199 x Fisher,fisher_850,1
2011_RE_0234 x Fisher,fisher_583,1
2011_RE_0237 x Fisher,fisher_1318,1
2011_RE_0331 x Fisher,fisher_583,1
2011_RE_0361 x Fisher,fisher_583,1
2011_RE_0403 x Fisher,fisher_583,1
2011_RE_0404 x Fisher,fisher_583,1
2011_RE_0405 x Fisher,fisher_583,1
2011_RE_0411 x Fisher,fisher_583,1
2011_RE_0412 x Fisher,fisher_583,1
2011_RE_0414 x Fisher,fisher_583,1
2011_RE_0455 x Fisher,fisher_581,1
2011_RE_0458 x Fisher,fisher_583,1
2011_RE_0497 x Fisher,fisher_583,1
2011_RE_0524 x Fisher,fisher_583,1
2011_RE_0545 x Fisher,fisher_583,1
2011_RE_0611 x Fisher,fisher_581,1
2011_RE_0623 x Fisher,fisher_1024,1
2011_RE_0627 x Fisher,fisher_583,1
2011_RE_0660 x Fisher,fisher_1318,1
2011_RE_0685 x Fisher,fisher_581,1
2011_RE_0694 x Fisher,fisher_579,1
2011_RE_0695 x Fisher,fisher_579,1
2011_RE_0703 x Fisher,fisher_581,1
2011_RE_0736 x Fisher,fisher_581,1
2011_RE_0743 x Fisher,fisher_581,1
2011_RE_0773 x Fisher,fisher_815,1
2011_RE_0774 x Fisher,fisher_815,1
2011_RE_0775 x Fisher,fisher_815,1
2011_RE_0776 x Fisher,fisher_815,1
2011_RE_0778 x Fisher,fisher_815,1
2011_RE_0779 x Fisher,fisher_815,1
2011_RE_0796 x Fisher,fisher_815,1
2011_RE_0803 x Fisher,fisher_815,1
2011_RE_0843 x Fisher,fisher_815,1
2011_RE_0848 x Fisher,fisher_815,1
2011_RE_0849 x Fisher,fisher_815,1
2011_RE_0850 x Fisher,fisher_815,1
2011_RE_0886 x Fisher,fisher_815,1
2011_RE_0888 x Fisher,fisher_815,1
2011_RE_0910 x Fisher,fisher_583,1
2011_RE_0921 x Fisher,fisher_583,1
2011_RE_0959 x Fisher,fisher_579,1
2011_RE_1034 x Fisher,fisher_815,1
2011_RE_1035 x Fisher,fisher_815,1
2011_RE_1036 x Fisher,fisher_815,1
2011_RE_1093 x Fisher,fisher_1024,1
2011_RE_1128 x Fisher,fisher_985,1
2011_RE_1151 x Fisher,fisher_1024,1
2011_RE_1168 x Fisher,fisher_815,1
2011_RE_1186 x Fisher,fisher_1319,1
2011_RE_1238 x Fisher,fisher_583,1
2011_RE_1259 x Fisher,fisher_579,1
