Rescue_ID,ReleaseSite,error
2011_RE_0051 x ReleaseSite,not_recorded,1
2011_RE_0055 x ReleaseSite,not_recorded,1
2011_RE_0057 x ReleaseSite,not_recorded,1
2011_RE_0063 x ReleaseSite,not_recorded,1
2011_RE_0064 x ReleaseSite,not_recorded,1
2011_RE_0066 x ReleaseSite,not_recorded,1
2011_RE_0080 x ReleaseSite,not_recorded,1
2011_RE_0114 x ReleaseSite,not_recorded,1
2011_RE_0116 x ReleaseSite,not_recorded,1
2011_RE_0157 x ReleaseSite,not_recorded,1
2011_RE_0160 x ReleaseSite,not_recorded,1
2011_RE_0187 x ReleaseSite,not_recorded,1
2011_RE_0195 x ReleaseSite,not_recorded,1
2011_RE_0218 x ReleaseSite,not_recorded,1
2011_RE_0219 x ReleaseSite,not_recorded,1
2011_RE_0221 x ReleaseSite,not_recorded,1
2011_RE_0236 x ReleaseSite,not_recorded,1
2011_RE_0237 x ReleaseSite,not_recorded,1
2011_RE_0240 x ReleaseSite,not_recorded,1
2011_RE_0241 x ReleaseSite,not_recorded,1
2011_RE_0242 x ReleaseSite,not_recorded,1
2011_RE_0245 x ReleaseSite,not_recorded,1
2011_RE_0248 x ReleaseSite,not_recorded,1
2011_RE_0249 x ReleaseSite,not_recorded,1
2011_RE_0250 x ReleaseSite,not_recorded,1
2011_RE_0251 x ReleaseSite,not_recorded,1
2011_RE_0252 x ReleaseSite,not_recorded,1
2011_RE_0253 x ReleaseSite,not_recorded,1
2011_RE_0254 x ReleaseSite,not_recorded,1
2011_RE_0255 x ReleaseSite,not_recorded,1
2011_RE_0256 x ReleaseSite,not_recorded,1
2011_RE_0257 x ReleaseSite,not_recorded,1
2011_RE_0258 x ReleaseSite,not_recorded,1
2011_RE_0259 x ReleaseSite,not_recorded,1
2011_RE_0260 x ReleaseSite,not_recorded,1
2011_RE_0261 x ReleaseSite,not_recorded,1
2011_RE_0262 x ReleaseSite,not_recorded,1
2011_RE_0263 x ReleaseSite,not_recorded,1
2011_RE_0264 x ReleaseSite,not_recorded,1
2011_RE_0265 x ReleaseSite,not_recorded,1
2011_RE_0266 x ReleaseSite,not_recorded,1
2011_RE_0267 x ReleaseSite,not_recorded,1
2011_RE_0268 x ReleaseSite,not_recorded,1
2011_RE_0269 x ReleaseSite,not_recorded,1
2011_RE_0270 x ReleaseSite,not_recorded,1
2011_RE_0271 x ReleaseSite,not_recorded,1
2011_RE_0272 x ReleaseSite,not_recorded,1
2011_RE_0273 x ReleaseSite,not_recorded,1
2011_RE_0274 x ReleaseSite,not_recorded,1
2011_RE_0275 x ReleaseSite,not_recorded,1
2011_RE_0276 x ReleaseSite,not_recorded,1
2011_RE_0277 x ReleaseSite,not_recorded,1
2011_RE_0278 x ReleaseSite,not_recorded,1
2011_RE_0279 x ReleaseSite,not_recorded,1
2011_RE_0280 x ReleaseSite,not_recorded,1
2011_RE_0281 x ReleaseSite,not_recorded,1
2011_RE_0282 x ReleaseSite,not_recorded,1
2011_RE_0283 x ReleaseSite,not_recorded,1
2011_RE_0284 x ReleaseSite,not_recorded,1
2011_RE_0285 x ReleaseSite,not_recorded,1
2011_RE_0286 x ReleaseSite,not_recorded,1
2011_RE_0287 x ReleaseSite,not_recorded,1
2011_RE_0288 x ReleaseSite,not_recorded,1
2011_RE_0289 x ReleaseSite,not_recorded,1
2011_RE_0290 x ReleaseSite,not_recorded,1
2011_RE_0291 x ReleaseSite,not_recorded,1
2011_RE_0292 x ReleaseSite,not_recorded,1
2011_RE_0293 x ReleaseSite,not_recorded,1
2011_RE_0294 x ReleaseSite,not_recorded,1
2011_RE_0295 x ReleaseSite,not_recorded,1
2011_RE_0296 x ReleaseSite,not_recorded,1
2011_RE_0297 x ReleaseSite,not_recorded,1
2011_RE_0298 x ReleaseSite,not_recorded,1
2011_RE_0299 x ReleaseSite,not_recorded,1
2011_RE_0300 x ReleaseSite,not_recorded,1
2011_RE_0301 x ReleaseSite,not_recorded,1
2011_RE_0302 x ReleaseSite,not_recorded,1
2011_RE_0303 x ReleaseSite,not_recorded,1
2011_RE_0304 x ReleaseSite,not_recorded,1
2011_RE_0305 x ReleaseSite,not_recorded,1
2011_RE_0306 x ReleaseSite,not_recorded,1
2011_RE_0307 x ReleaseSite,not_recorded,1
2011_RE_0308 x ReleaseSite,not_recorded,1
2011_RE_0309 x ReleaseSite,not_recorded,1
2011_RE_0310 x ReleaseSite,not_recorded,1
2011_RE_0311 x ReleaseSite,not_recorded,1
2011_RE_0312 x ReleaseSite,not_recorded,1
2011_RE_0313 x ReleaseSite,not_recorded,1
2011_RE_0314 x ReleaseSite,not_recorded,1
2011_RE_0315 x ReleaseSite,not_recorded,1
2011_RE_0316 x ReleaseSite,not_recorded,1
2011_RE_0317 x ReleaseSite,not_recorded,1
2011_RE_0318 x ReleaseSite,not_recorded,1
2011_RE_0319 x ReleaseSite,not_recorded,1
2011_RE_0320 x ReleaseSite,not_recorded,1
2011_RE_0321 x ReleaseSite,not_recorded,1
2011_RE_0322 x ReleaseSite,not_recorded,1
2011_RE_0323 x ReleaseSite,not_recorded,1
2011_RE_0324 x ReleaseSite,not_recorded,1
2011_RE_0325 x ReleaseSite,not_recorded,1
2011_RE_0326 x ReleaseSite,not_recorded,1
2011_RE_0327 x ReleaseSite,not_recorded,1
2011_RE_0328 x ReleaseSite,not_recorded,1
2011_RE_0329 x ReleaseSite,not_recorded,1
2011_RE_0330 x ReleaseSite,not_recorded,1
2011_RE_0331 x ReleaseSite,not_recorded,1
2011_RE_0332 x ReleaseSite,not_recorded,1
2011_RE_0333 x ReleaseSite,not_recorded,1
2011_RE_0334 x ReleaseSite,not_recorded,1
2011_RE_0335 x ReleaseSite,not_recorded,1
2011_RE_0336 x ReleaseSite,not_recorded,1
2011_RE_0337 x ReleaseSite,not_recorded,1
2011_RE_0338 x ReleaseSite,not_recorded,1
2011_RE_0339 x ReleaseSite,not_recorded,1
2011_RE_0340 x ReleaseSite,not_recorded,1
2011_RE_0341 x ReleaseSite,not_recorded,1
2011_RE_0342 x ReleaseSite,not_recorded,1
2011_RE_0343 x ReleaseSite,not_recorded,1
2011_RE_0344 x ReleaseSite,not_recorded,1
2011_RE_0345 x ReleaseSite,not_recorded,1
2011_RE_0346 x ReleaseSite,not_recorded,1
2011_RE_0347 x ReleaseSite,not_recorded,1
2011_RE_0348 x ReleaseSite,not_recorded,1
2011_RE_0349 x ReleaseSite,not_recorded,1
2011_RE_0350 x ReleaseSite,not_recorded,1
2011_RE_0351 x ReleaseSite,not_recorded,1
2011_RE_0352 x ReleaseSite,not_recorded,1
2011_RE_0353 x ReleaseSite,not_recorded,1
2011_RE_0354 x ReleaseSite,not_recorded,1
2011_RE_0355 x ReleaseSite,not_recorded,1
2011_RE_0356 x ReleaseSite,not_recorded,1
2011_RE_0357 x ReleaseSite,not_recorded,1
2011_RE_0358 x ReleaseSite,not_recorded,1
2011_RE_0359 x ReleaseSite,not_recorded,1
2011_RE_0360 x ReleaseSite,not_recorded,1
2011_RE_0361 x ReleaseSite,not_recorded,1
2011_RE_0362 x ReleaseSite,not_recorded,1
2011_RE_0363 x ReleaseSite,not_recorded,1
2011_RE_0364 x ReleaseSite,not_recorded,1
2011_RE_0365 x ReleaseSite,not_recorded,1
2011_RE_0366 x ReleaseSite,not_recorded,1
2011_RE_0367 x ReleaseSite,not_recorded,1
2011_RE_0368 x ReleaseSite,not_recorded,1
2011_RE_0369 x ReleaseSite,not_recorded,1
2011_RE_0370 x ReleaseSite,not_recorded,1
2011_RE_0371 x ReleaseSite,not_recorded,1
2011_RE_0372 x ReleaseSite,not_recorded,1
2011_RE_0373 x ReleaseSite,not_recorded,1
2011_RE_0374 x ReleaseSite,not_recorded,1
2011_RE_0375 x ReleaseSite,not_recorded,1
2011_RE_0376 x ReleaseSite,not_recorded,1
2011_RE_0377 x ReleaseSite,not_recorded,1
2011_RE_0378 x ReleaseSite,not_recorded,1
2011_RE_0379 x ReleaseSite,not_recorded,1
2011_RE_0380 x ReleaseSite,not_recorded,1
2011_RE_0381 x ReleaseSite,not_recorded,1
2011_RE_0382 x ReleaseSite,not_recorded,1
2011_RE_0383 x ReleaseSite,not_recorded,1
2011_RE_0384 x ReleaseSite,not_recorded,1
2011_RE_0385 x ReleaseSite,not_recorded,1
2011_RE_0386 x ReleaseSite,not_recorded,1
2011_RE_0387 x ReleaseSite,not_recorded,1
2011_RE_0388 x ReleaseSite,not_recorded,1
2011_RE_0389 x ReleaseSite,not_recorded,1
2011_RE_0390 x ReleaseSite,not_recorded,1
2011_RE_0391 x ReleaseSite,not_recorded,1
2011_RE_0392 x ReleaseSite,not_recorded,1
2011_RE_0393 x ReleaseSite,not_recorded,1
2011_RE_0394 x ReleaseSite,not_recorded,1
2011_RE_0395 x ReleaseSite,not_recorded,1
2011_RE_0396 x ReleaseSite,not_recorded,1
2011_RE_0397 x ReleaseSite,not_recorded,1
2011_RE_0398 x ReleaseSite,not_recorded,1
2011_RE_0399 x ReleaseSite,not_recorded,1
2011_RE_0400 x ReleaseSite,not_recorded,1
2011_RE_0401 x ReleaseSite,not_recorded,1
2011_RE_0402 x ReleaseSite,not_recorded,1
2011_RE_0403 x ReleaseSite,not_recorded,1
2011_RE_0404 x ReleaseSite,not_recorded,1
2011_RE_0405 x ReleaseSite,not_recorded,1
2011_RE_0406 x ReleaseSite,not_recorded,1
2011_RE_0407 x ReleaseSite,not_recorded,1
2011_RE_0408 x ReleaseSite,not_recorded,1
2011_RE_0409 x ReleaseSite,not_recorded,1
2011_RE_0410 x ReleaseSite,not_recorded,1
2011_RE_0411 x ReleaseSite,not_recorded,1
2011_RE_0412 x ReleaseSite,not_recorded,1
2011_RE_0413 x ReleaseSite,not_recorded,1
2011_RE_0414 x ReleaseSite,not_recorded,1
2011_RE_0415 x ReleaseSite,not_recorded,1
2011_RE_0416 x ReleaseSite,not_recorded,1
2011_RE_0417 x ReleaseSite,not_recorded,1
2011_RE_0418 x ReleaseSite,not_recorded,1
2011_RE_0419 x ReleaseSite,not_recorded,1
2011_RE_0420 x ReleaseSite,not_recorded,1
2011_RE_0421 x ReleaseSite,not_recorded,1
2011_RE_0422 x ReleaseSite,not_recorded,1
2011_RE_0423 x ReleaseSite,not_recorded,1
2011_RE_0424 x ReleaseSite,not_recorded,1
2011_RE_0425 x ReleaseSite,not_recorded,1
2011_RE_0426 x ReleaseSite,not_recorded,1
2011_RE_0427 x ReleaseSite,not_recorded,1
2011_RE_0428 x ReleaseSite,not_recorded,1
2011_RE_0429 x ReleaseSite,not_recorded,1
2011_RE_0430 x ReleaseSite,not_recorded,1
2011_RE_0431 x ReleaseSite,not_recorded,1
2011_RE_0432 x ReleaseSite,not_recorded,1
2011_RE_0433 x ReleaseSite,not_recorded,1
2011_RE_0434 x ReleaseSite,not_recorded,1
2011_RE_0435 x ReleaseSite,not_recorded,1
2011_RE_0436 x ReleaseSite,not_recorded,1
2011_RE_0437 x ReleaseSite,not_recorded,1
2011_RE_0438 x ReleaseSite,not_recorded,1
2011_RE_0439 x ReleaseSite,not_recorded,1
2011_RE_0440 x ReleaseSite,not_recorded,1
2011_RE_0441 x ReleaseSite,not_recorded,1
2011_RE_0442 x ReleaseSite,not_recorded,1
2011_RE_0443 x ReleaseSite,not_recorded,1
2011_RE_0444 x ReleaseSite,not_recorded,1
2011_RE_0445 x ReleaseSite,not_recorded,1
2011_RE_0446 x ReleaseSite,not_recorded,1
2011_RE_0447 x ReleaseSite,not_recorded,1
2011_RE_0448 x ReleaseSite,not_recorded,1
2011_RE_0449 x ReleaseSite,not_recorded,1
2011_RE_0450 x ReleaseSite,not_recorded,1
2011_RE_0451 x ReleaseSite,not_recorded,1
2011_RE_0452 x ReleaseSite,not_recorded,1
2011_RE_0453 x ReleaseSite,not_recorded,1
2011_RE_0454 x ReleaseSite,not_recorded,1
2011_RE_0455 x ReleaseSite,not_recorded,1
2011_RE_0456 x ReleaseSite,not_recorded,1
2011_RE_0457 x ReleaseSite,not_recorded,1
2011_RE_0458 x ReleaseSite,not_recorded,1
2011_RE_0459 x ReleaseSite,not_recorded,1
2011_RE_0460 x ReleaseSite,not_recorded,1
2011_RE_0461 x ReleaseSite,not_recorded,1
2011_RE_0462 x ReleaseSite,not_recorded,1
2011_RE_0463 x ReleaseSite,not_recorded,1
2011_RE_0465 x ReleaseSite,not_recorded,1
2011_RE_0466 x ReleaseSite,not_recorded,1
2011_RE_0467 x ReleaseSite,not_recorded,1
2011_RE_0468 x ReleaseSite,not_recorded,1
2011_RE_0469 x ReleaseSite,not_recorded,1
2011_RE_0470 x ReleaseSite,not_recorded,1
2011_RE_0471 x ReleaseSite,not_recorded,1
2011_RE_0472 x ReleaseSite,not_recorded,1
2011_RE_0474 x ReleaseSite,not_recorded,1
2011_RE_0475 x ReleaseSite,not_recorded,1
2011_RE_0488 x ReleaseSite,not_recorded,1
2011_RE_0492 x ReleaseSite,not_recorded,1
2011_RE_0494 x ReleaseSite,not_recorded,1
2011_RE_0495 x ReleaseSite,not_recorded,1
2011_RE_0496 x ReleaseSite,not_recorded,1
2011_RE_0497 x ReleaseSite,not_recorded,1
2011_RE_0507 x ReleaseSite,not_recorded,1
2011_RE_0510 x ReleaseSite,not_recorded,1
2011_RE_0511 x ReleaseSite,not_recorded,1
2011_RE_0512 x ReleaseSite,not_recorded,1
2011_RE_0537 x ReleaseSite,not_recorded,1
2011_RE_0551 x ReleaseSite,not_recorded,1
2011_RE_0574 x ReleaseSite,not_recorded,1
2011_RE_0579 x ReleaseSite,not_recorded,1
2011_RE_0586 x ReleaseSite,not_recorded,1
2011_RE_0589 x ReleaseSite,not_recorded,1
2011_RE_0679 x ReleaseSite,not_recorded,1
2011_RE_0688 x ReleaseSite,not_recorded,1
2011_RE_0719 x ReleaseSite,not_recorded,1
2011_RE_0724 x ReleaseSite,not_recorded,1
2011_RE_0725 x ReleaseSite,not_recorded,1
2011_RE_0729 x ReleaseSite,not_recorded,1
2011_RE_0733 x ReleaseSite,not_recorded,1
2011_RE_0746 x ReleaseSite,not_recorded,1
2011_RE_0804 x ReleaseSite,not_recorded,1
2011_RE_0829 x ReleaseSite,not_recorded,1
2011_RE_0846 x ReleaseSite,not_recorded,1
2011_RE_0972 x ReleaseSite,not_recorded,1
2011_RE_1005 x ReleaseSite,not_recorded,1
2011_RE_1055 x ReleaseSite,not_recorded,1
2011_RE_1083 x ReleaseSite,not_recorded,1
2011_RE_1104 x ReleaseSite,not_recorded,1
2011_RE_1305 x ReleaseSite,not_recorded,1
2011_RE_1342 x ReleaseSite,not_recorded,1
